,Cluster,Hippo,PI3KAKT
X22RV1_PROSTATE,Cluster I,2394.61237,1791.994731
X2313287_STOMACH,Cluster I,2527.042807,2027.645831
AGS_STOMACH,Cluster I,2621.138653,2157.226745
ASPC1_PANCREAS,Cluster I,2680.727616,2472.234935
AU565_BREAST,Cluster I,2225.629925,1891.076978
BT20_BREAST,Cluster I,2489.069218,2104.506265
BT474_BREAST,Cluster I,2436.269979,2006.321046
BT483_BREAST,Cluster I,2566.72603,2043.732754
CAL148_BREAST,Cluster I,2462.266191,1825.598026
CAMA1_BREAST,Cluster I,2370.263784,1880.206887
CCK81_LARGE_INTESTINE,Cluster I,2320.531849,1905.240264
CL34_LARGE_INTESTINE,Cluster I,2295.297491,2028.084319
CL40_LARGE_INTESTINE,Cluster I,2659.718288,2174.69606
COLO678_LARGE_INTESTINE,Cluster I,2867.728495,2043.748044
COLO684_ENDOMETRIUM,Cluster I,2118.856515,1803.837467
COLO741_SKIN,Cluster I,2078.600725,2099.235481
COLO783_SKIN,Cluster I,2527.811831,2552.360798
COLO792_SKIN,Cluster I,2283.648339,2239.301618
COV434_OVARY,Cluster I,2777.625421,2091.832283
DU4475_BREAST,Cluster I,2854.755028,2054.647147
DV90_LUNG,Cluster I,2641.63103,2095.364765
ECC10_STOMACH,Cluster I,3052.843231,1943.189117
ECC12_STOMACH,Cluster I,2133.44305,1750.354137
EFM19_BREAST,Cluster I,2550.747931,1745.493352
G361_SKIN,Cluster I,2225.196356,2334.675806
GP2D_LARGE_INTESTINE,Cluster I,2579.608577,1894.263515
GSS_STOMACH,Cluster I,3126.200992,2210.21633
GSU_STOMACH,Cluster I,2604.987945,1871.182823
HCC1419_BREAST,Cluster I,2323.409491,1904.621029
HCC1428_BREAST,Cluster I,2388.293112,1975.743588
HCC1500_BREAST,Cluster I,2379.913469,1947.22178
HCC1588_LUNG,Cluster I,2435.108759,2107.51848
HCC1599_BREAST,Cluster I,2639.174874,2115.533243
HCC1806_BREAST,Cluster I,2771.924778,2306.466417
HCC1833_LUNG,Cluster I,2332.911753,1817.261577
HCC1954_BREAST,Cluster I,2602.484462,2270.228715
HCC202_BREAST,Cluster I,2159.31067,1921.409103
HCC2157_BREAST,Cluster I,2305.013331,2043.57293
HCC2218_BREAST,Cluster I,2311.547042,1691.805566
HCC56_LARGE_INTESTINE,Cluster I,2583.922836,2166.684435
HCT15_LARGE_INTESTINE,Cluster I,2818.061678,1815.388687
HEC6_ENDOMETRIUM,Cluster I,3252.362638,2274.82518
HEPG2_LIVER,Cluster I,2484.077354,2262.877734
HS936T_SKIN,Cluster I,2150.494793,2091.964269
HT1197_URINARY_TRACT,Cluster I,2637.576554,2417.787537
HT29_LARGE_INTESTINE,Cluster I,2310.27514,1923.649916
HT55_LARGE_INTESTINE,Cluster I,2654.008019,2189.469023
HUPT4_PANCREAS,Cluster I,2427.057138,2201.96725
IGR37_SKIN,Cluster I,2162.100658,2003.20755
IM95_STOMACH,Cluster I,2339.788928,2151.618953
IPC298_SKIN,Cluster I,2105.939622,2233.299231
JHH5_LIVER,Cluster I,2342.842456,1986.522471
JHOM2B_OVARY,Cluster I,2572.403317,2060.935179
JHUEM2_ENDOMETRIUM,Cluster I,2987.645392,1881.570878
JIMT1_BREAST,Cluster I,2662.889416,2265.681232
K029AX_SKIN,Cluster I,2100.236309,2323.056196
KATOIII_STOMACH,Cluster I,2495.665609,2035.194786
KE39_STOMACH,Cluster I,2550.704555,1970.110554
KNS42_CENTRAL_NERVOUS_SYSTEM,Cluster I,2834.637379,2336.758189
KPL1_BREAST,Cluster I,2626.126371,2071.915195
LK2_LUNG,Cluster I,3134.423683,2284.383117
LNCAPCLONEFGC_PROSTATE,Cluster I,1991.92206,1899.96149
LS1034_LARGE_INTESTINE,Cluster I,2611.93144,2149.940755
LS180_LARGE_INTESTINE,Cluster I,2600.008161,2012.231354
LS411N_LARGE_INTESTINE,Cluster I,2725.153328,1982.764105
LS513_LARGE_INTESTINE,Cluster I,2410.337789,1986.504427
MCF7_BREAST,Cluster I,2256.974756,1925.080835
MDAMB134VI_BREAST,Cluster I,2024.223867,1641.114064
MDAMB175VII_BREAST,Cluster I,2417.21982,1989.881258
MDAMB415_BREAST,Cluster I,2208.806191,2123.113341
MDAMB453_BREAST,Cluster I,2343.821694,1769.58884
MDAPCA2B_PROSTATE,Cluster I,2403.902481,1988.207924
MELHO_SKIN,Cluster I,2034.968185,2067.61908
MEWO_SKIN,Cluster I,2334.468733,2287.110454
MFE296_ENDOMETRIUM,Cluster I,2764.289704,1958.939633
MIAPACA2_PANCREAS,Cluster I,2508.570641,1967.559222
MKN74_STOMACH,Cluster I,3028.731743,2129.57188
MORCPR_LUNG,Cluster I,2813.641095,2153.820927
NCIH1385_LUNG,Cluster I,2135.650087,1795.686852
NCIH1395_LUNG,Cluster I,2162.636782,2040.134736
NCIH1435_LUNG,Cluster I,2670.523328,2091.845344
NCIH1437_LUNG,Cluster I,2507.539663,2065.517504
NCIH1573_LUNG,Cluster I,2705.27246,2208.178106
NCIH1703_LUNG,Cluster I,3014.907469,2092.764874
NCIH2126_LUNG,Cluster I,2476.026348,1949.9497
NCIH2170_LUNG,Cluster I,2319.582019,1901.299026
NCIH2342_LUNG,Cluster I,2612.983103,1993.589797
NCIH508_LARGE_INTESTINE,Cluster I,2090.49082,2091.01939
NCIH520_LUNG,Cluster I,3032.138536,1846.720953
NCIH522_LUNG,Cluster I,2684.848645,1857.771079
NCIH660_PROSTATE,Cluster I,2389.007936,1894.788639
NCIH854_LUNG,Cluster I,2510.428826,2001.096883
NCIN87_STOMACH,Cluster I,2978.136972,2027.713146
NUGC4_STOMACH,Cluster I,2278.165619,2202.681944
OCUM1_STOMACH,Cluster I,2876.554742,2212.381531
OE19_OESOPHAGUS,Cluster I,2524.905998,2098.855952
OVISE_OVARY,Cluster I,2626.20877,2416.02357
OVK18_OVARY,Cluster I,2679.605181,1856.923732
OVKATE_OVARY,Cluster I,2583.306894,2393.67711
PLCPRF5_LIVER,Cluster I,2606.463024,2207.710998
RCM1_LARGE_INTESTINE,Cluster I,2700.36018,2155.337349
RERFLCKJ_LUNG,Cluster I,2383.800565,2114.008914
RKO_LARGE_INTESTINE,Cluster I,2239.262605,1592.533035
RL952_ENDOMETRIUM,Cluster I,3250.552139,2321.053075
RT4_URINARY_TRACT,Cluster I,2631.070038,1998.727802
SKBR3_BREAST,Cluster I,2295.34709,1795.395855
SKCO1_LARGE_INTESTINE,Cluster I,2579.322178,2153.568278
SKMEL1_SKIN,Cluster I,2599.363399,2294.898673
SNGM_ENDOMETRIUM,Cluster I,3306.249806,2315.74731
SNU1040_LARGE_INTESTINE,Cluster I,2899.29418,2017.366663
SNU16_STOMACH,Cluster I,1981.951941,1700.588081
SNU175_LARGE_INTESTINE,Cluster I,2441.539379,1982.256744
SNU1_STOMACH,Cluster I,2522.406198,1667.958096
SNU283_LARGE_INTESTINE,Cluster I,2351.145212,1949.722904
SNU398_LIVER,Cluster I,2909.745403,2058.395486
SNU407_LARGE_INTESTINE,Cluster I,2589.312446,2147.296303
SNU601_STOMACH,Cluster I,2533.807765,1968.282686
SNU61_LARGE_INTESTINE,Cluster I,2378.889218,2060.09512
SNU620_STOMACH,Cluster I,2387.19294,1919.762795
SNU626_CENTRAL_NERVOUS_SYSTEM,Cluster I,2643.500146,2426.464825
SNU719_STOMACH,Cluster I,2475.853116,2121.878839
SNU81_LARGE_INTESTINE,Cluster I,2499.462,2129.818674
SNUC1_LARGE_INTESTINE,Cluster I,2366.21683,1805.718676
SNUC2A_LARGE_INTESTINE,Cluster I,2690.077572,2309.035302
SNUC4_LARGE_INTESTINE,Cluster I,2586.507649,2271.703046
SW403_LARGE_INTESTINE,Cluster I,2372.246475,2207.380129
SW48_LARGE_INTESTINE,Cluster I,2877.734621,2332.697435
SW948_LARGE_INTESTINE,Cluster I,2635.917865,2055.654219
T47D_BREAST,Cluster I,2244.777803,1888.176797
TGBC11TKB_STOMACH,Cluster I,2509.829669,2296.308521
TOV112D_OVARY,Cluster I,2884.503072,2020.786051
UACC257_SKIN,Cluster I,2012.371121,2196.714693
UACC812_BREAST,Cluster I,2383.431088,2000.846303
UACC893_BREAST,Cluster I,2628.77047,1905.394725
VCAP_PROSTATE,Cluster I,2346.041231,1856.178495
ZR751_BREAST,Cluster I,2283.077499,2201.687785
ZR7530_BREAST,Cluster I,2267.959831,1951.17397
X253JBV_URINARY_TRACT,Cluster II,2699.203464,2389.760245
X253J_URINARY_TRACT,Cluster II,2677.023147,2608.462041
X639V_URINARY_TRACT,Cluster II,2614.713866,2139.13161
A375_SKIN,Cluster II,2280.014773,2413.292356
A704_KIDNEY,Cluster II,2392.09021,2258.986154
ABC1_LUNG,Cluster II,3073.373011,2135.315724
ACHN_KIDNEY,Cluster II,2806.543922,2592.009166
AM38_CENTRAL_NERVOUS_SYSTEM,Cluster II,2645.571403,2451.143347
AN3CA_ENDOMETRIUM,Cluster II,2541.17022,1997.952026
C2BBE1_LARGE_INTESTINE,Cluster II,3011.859162,2238.385109
CACO2_LARGE_INTESTINE,Cluster II,3070.309519,2359.36546
CAKI2_KIDNEY,Cluster II,2575.653201,2528.391148
CAL51_BREAST,Cluster II,2985.460623,2482.718543
CAL54_KIDNEY,Cluster II,2660.631449,2574.785654
CAL62_THYROID,Cluster II,2232.249348,2168.847602
CALU3_LUNG,Cluster II,2314.368207,2290.139192
CALU6_LUNG,Cluster II,2475.426675,2416.196063
CAOV4_OVARY,Cluster II,2723.156216,2162.935217
CAPAN1_PANCREAS,Cluster II,2439.588612,2105.917543
CAPAN2_PANCREAS,Cluster II,2809.36137,2297.26705
CL11_LARGE_INTESTINE,Cluster II,2956.938172,2239.569936
CL14_LARGE_INTESTINE,Cluster II,2901.337695,2274.847421
COLO201_LARGE_INTESTINE,Cluster II,2656.161922,2206.214057
COLO320_LARGE_INTESTINE,Cluster II,2707.972867,1848.579648
COV318_OVARY,Cluster II,2921.451029,2370.11335
COV644_OVARY,Cluster II,2975.416712,2518.585289
CW2_LARGE_INTESTINE,Cluster II,2437.398166,2062.409089
EBC1_LUNG,Cluster II,2428.516134,2090.001223
EFE184_ENDOMETRIUM,Cluster II,2593.433567,2450.177424
EFM192A_BREAST,Cluster II,2341.191957,1890.004289
EFO21_OVARY,Cluster II,2869.77293,2490.932609
FU97_STOMACH,Cluster II,2476.20332,2102.636168
FUOV1_OVARY,Cluster II,2931.029213,2596.629682
HCC1187_BREAST,Cluster II,2744.927478,2162.983395
HCC1195_LUNG,Cluster II,2353.180766,2254.215081
HCC1937_BREAST,Cluster II,2507.984721,2240.801428
HCC4006_LUNG,Cluster II,2528.026513,2258.580133
HCC78_LUNG,Cluster II,2428.477268,2116.505104
HCC827_LUNG,Cluster II,2584.916828,2415.130285
HCT116_LARGE_INTESTINE,Cluster II,2927.604715,2231.886561
HEC151_ENDOMETRIUM,Cluster II,2769.381498,2229.569195
HEC1A_ENDOMETRIUM,Cluster II,2819.310675,2226.681944
HEC1B_ENDOMETRIUM,Cluster II,2586.618314,2202.388979
HEC251_ENDOMETRIUM,Cluster II,2660.846266,2257.528518
HEC265_ENDOMETRIUM,Cluster II,2990.254909,2365.604093
HEC50B_ENDOMETRIUM,Cluster II,2719.951091,2488.953661
HEC59_ENDOMETRIUM,Cluster II,2770.728672,2313.724688
HEKTE_KIDNEY,Cluster II,2955.391322,2610.828159
HELA_CERVIX,Cluster II,2754.248288,2289.618484
HEP3B217_LIVER,Cluster II,2648.262414,2237.228389
HMC18_BREAST,Cluster II,2341.037004,2308.515378
HPAC_PANCREAS,Cluster II,2793.442809,2311.403364
HPAFII_PANCREAS,Cluster II,2927.080894,2261.337744
HT115_LARGE_INTESTINE,Cluster II,2459.515027,2066.857427
HUG1N_STOMACH,Cluster II,2351.878492,1889.538204
HUH1_LIVER,Cluster II,2306.765418,2053.244194
HUH6_LIVER,Cluster II,2850.681072,2214.17378
HUH7_LIVER,Cluster II,2443.276909,2371.879096
HUPT3_PANCREAS,Cluster II,2434.153197,2342.973617
IGROV1_OVARY,Cluster II,3282.157862,2361.294209
ISHIKAWAHERAKLIO02ER_ENDOMETRIUM,Cluster II,2477.739852,2366.369142
ISTMES1_PLEURA,Cluster II,3064.973797,2346.958631
J82_URINARY_TRACT,Cluster II,2554.455464,2372.471423
JHH1_LIVER,Cluster II,2832.279059,2484.556047
JHH7_LIVER,Cluster II,2497.193804,2234.828533
JHOS2_OVARY,Cluster II,2782.732362,2412.53143
JHOS4_OVARY,Cluster II,2988.345222,2284.049622
JHUEM1_ENDOMETRIUM,Cluster II,2710.376028,1933.905444
JHUEM7_ENDOMETRIUM,Cluster II,3012.450349,2408.168862
KM12_LARGE_INTESTINE,Cluster II,2171.950741,2002.330226
KMRC20_KIDNEY,Cluster II,2315.568599,2305.853617
KP2_PANCREAS,Cluster II,2595.993327,2388.529968
KYSE270_OESOPHAGUS,Cluster II,2900.610652,2646.964467
KYSE510_OESOPHAGUS,Cluster II,3100.721655,2388.614727
LI7_LIVER,Cluster II,2563.627243,2434.439161
LNZ308_CENTRAL_NERVOUS_SYSTEM,Cluster II,2663.05031,2430.368822
LOVO_LARGE_INTESTINE,Cluster II,2905.65185,2310.659742
LS123_LARGE_INTESTINE,Cluster II,2932.782564,2410.099684
MDAMB361_BREAST,Cluster II,2547.620805,2542.5334
MDAMB468_BREAST,Cluster II,2761.193273,2259.196406
MELJUSO_SKIN,Cluster II,2471.561952,2333.149826
MFE280_ENDOMETRIUM,Cluster II,2645.120505,2467.700893
MFE319_ENDOMETRIUM,Cluster II,3309.268027,2474.185007
MKN1_STOMACH,Cluster II,2777.516586,2471.555299
MKN45_STOMACH,Cluster II,2336.872651,2010.295613
NCIH1648_LUNG,Cluster II,2772.689458,2342.699492
NCIH1651_LUNG,Cluster II,2628.944653,2305.331727
NCIH1693_LUNG,Cluster II,2754.813173,1926.548083
NCIH1781_LUNG,Cluster II,2630.807583,2022.365667
NCIH1838_LUNG,Cluster II,2666.491996,2413.999863
NCIH1869_LUNG,Cluster II,2529.772868,2027.349524
NCIH1944_LUNG,Cluster II,2522.232183,2061.851555
NCIH1975_LUNG,Cluster II,2463.487507,2266.895353
NCIH2085_LUNG,Cluster II,3212.920426,2547.623849
NCIH2087_LUNG,Cluster II,2345.454989,2100.650821
NCIH2291_LUNG,Cluster II,2607.214186,2321.823751
NCIH23_LUNG,Cluster II,2801.362698,2341.526312
NCIH28_PLEURA,Cluster II,2493.659382,2233.833817
NCIH3122_LUNG,Cluster II,2396.661076,2166.488433
NCIH322_LUNG,Cluster II,3114.022775,2193.304325
NCIH3255_LUNG,Cluster II,2548.959938,2234.148213
NCIH684_LIVER,Cluster II,2251.250681,1988.279133
NCIH716_LARGE_INTESTINE,Cluster II,2113.544012,1931.536639
NCIH747_LARGE_INTESTINE,Cluster II,2584.788928,2221.405072
NIHOVCAR3_OVARY,Cluster II,3027.652154,2571.857353
NMCG1_CENTRAL_NERVOUS_SYSTEM,Cluster II,2931.359689,2728.443086
OAW28_OVARY,Cluster II,2693.952158,2182.96653
OAW42_OVARY,Cluster II,2825.289192,2448.566471
OC314_OVARY,Cluster II,2905.060117,2176.62511
OE33_OESOPHAGUS,Cluster II,2779.334917,2197.483854
ONCODG1_OVARY,Cluster II,2800.429892,2512.499309
OUMS23_LARGE_INTESTINE,Cluster II,2952.120078,2090.650141
OV90_OVARY,Cluster II,2581.828343,2350.851805
OVCAR4_OVARY,Cluster II,2865.732516,2374.084051
OVMANA_OVARY,Cluster II,2319.153081,2330.498723
OVSAHO_OVARY,Cluster II,2638.714801,2162.761718
OVTOKO_OVARY,Cluster II,2525.511419,2428.853817
PANC0203_PANCREAS,Cluster II,2499.300166,2221.609858
PANC0327_PANCREAS,Cluster II,2843.559943,2572.0367
PANC0403_PANCREAS,Cluster II,2735.699166,2158.824627
PANC0504_PANCREAS,Cluster II,2613.100175,2327.48865
PANC0813_PANCREAS,Cluster II,2581.597168,2291.862365
PANC1005_PANCREAS,Cluster II,2523.857567,2071.973459
PANC1_PANCREAS,Cluster II,2984.184014,2089.834314
PATU8902_PANCREAS,Cluster II,2636.273508,1910.546147
PATU8988S_PANCREAS,Cluster II,2388.959551,1892.642646
PATU8988T_PANCREAS,Cluster II,2685.374031,1873.831472
PC9_LUNG,Cluster II,2607.117332,2105.696786
QGP1_PANCREAS,Cluster II,2170.827945,1868.492494
RERFGC1B_STOMACH,Cluster II,3096.685656,2563.615345
RERFLCAD1_LUNG,Cluster II,2507.742775,2356.733813
RERFLCAD2_LUNG,Cluster II,2926.079468,2520.452859
RMUGS_OVARY,Cluster II,2683.6999,2276.281839
SH10TC_STOMACH,Cluster II,2640.836094,2451.577996
SIHA_CERVIX,Cluster II,2882.876618,2079.427567
SKLU1_LUNG,Cluster II,2694.558098,2437.968857
SKNEP1_BONE,Cluster II,2821.237475,1915.939131
SLR20_KIDNEY,Cluster II,2430.933488,2350.073609
SLR23_KIDNEY,Cluster II,2778.280043,2559.368904
SLR25_KIDNEY,Cluster II,2987.283769,2440.640715
SNU1033_LARGE_INTESTINE,Cluster II,2963.637697,2315.511905
SNU1197_LARGE_INTESTINE,Cluster II,2620.671286,2353.927859
SNU119_OVARY,Cluster II,2884.250268,2239.801178
SNU216_STOMACH,Cluster II,2976.403295,2173.490196
SNU324_PANCREAS,Cluster II,2436.630454,2094.774536
SNU423_LIVER,Cluster II,2622.56944,2501.159453
SNU449_LIVER,Cluster II,3192.932036,2400.886027
SNU520_STOMACH,Cluster II,2297.276383,1984.879091
SNU5_STOMACH,Cluster II,2372.595369,1998.798
SNUC5_LARGE_INTESTINE,Cluster II,2944.153076,2249.307958
SQ1_LUNG,Cluster II,2578.826365,2210.354519
SUIT2_PANCREAS,Cluster II,2750.441122,2518.528269
SW1116_LARGE_INTESTINE,Cluster II,2796.005191,2427.144962
SW1417_LARGE_INTESTINE,Cluster II,3106.889059,2194.703348
SW1463_LARGE_INTESTINE,Cluster II,2280.444194,2111.687162
SW1573_LUNG,Cluster II,3232.54188,2258.846005
SW1990_PANCREAS,Cluster II,2792.158932,2285.645641
SW480_LARGE_INTESTINE,Cluster II,2808.1343,2134.70609
SW620_LARGE_INTESTINE,Cluster II,2766.898717,1964.08206
SW837_LARGE_INTESTINE,Cluster II,3022.705833,2346.440321
SW900_LUNG,Cluster II,2682.078128,2539.778415
T84_LARGE_INTESTINE,Cluster II,2587.117051,2109.920357
TCCPAN2_PANCREAS,Cluster II,2294.205633,2368.913361
TEN_ENDOMETRIUM,Cluster II,2405.501591,2254.957647
TT2609C02_THYROID,Cluster II,2488.196367,2414.33274
TT_THYROID,Cluster II,2168.840293,1968.102804
UMUC3_URINARY_TRACT,Cluster II,2910.563509,2227.907291
UO31_KIDNEY,Cluster II,2826.664287,2689.64778
VMRCRCW_KIDNEY,Cluster II,2570.658715,2505.857615
VMRCRCZ_KIDNEY,Cluster II,2618.846255,2522.578231
YAPC_PANCREAS,Cluster II,3053.267837,2576.469121
YD15_SALIVARY_GLAND,Cluster II,2648.551884,2463.017267
X5637_URINARY_TRACT,Cluster III,2932.995895,2604.615863
X769P_KIDNEY,Cluster III,2689.41657,2396.033573
X786O_KIDNEY,Cluster III,2581.424798,2377.642023
A253_SALIVARY_GLAND,Cluster III,3138.375517,2515.408377
BC3C_URINARY_TRACT,Cluster III,2969.758259,2424.890245
BFTC905_URINARY_TRACT,Cluster III,2739.30225,2328.519443
BHY_UPPER_AERODIGESTIVE_TRACT,Cluster III,2888.422506,2344.366243
BICR16_UPPER_AERODIGESTIVE_TRACT,Cluster III,2995.185069,2623.112912
BICR22_UPPER_AERODIGESTIVE_TRACT,Cluster III,2751.479507,2325.723404
BICR56_UPPER_AERODIGESTIVE_TRACT,Cluster III,2968.941875,2445.042845
BICR6_UPPER_AERODIGESTIVE_TRACT,Cluster III,2825.680779,2320.446481
BXPC3_PANCREAS,Cluster III,2824.366281,2337.40652
CAL27_UPPER_AERODIGESTIVE_TRACT,Cluster III,2761.534876,2463.092988
CAL29_URINARY_TRACT,Cluster III,2961.388052,2309.25155
CAL33_UPPER_AERODIGESTIVE_TRACT,Cluster III,3115.914266,2335.083988
CAL851_BREAST,Cluster III,2573.330474,2356.825433
CCFSTTG1_CENTRAL_NERVOUS_SYSTEM,Cluster III,2963.260364,2567.384244
CJM_SKIN,Cluster III,2737.545312,2436.656623
COLO680N_OESOPHAGUS,Cluster III,2791.807908,2637.265456
CORL105_LUNG,Cluster III,2723.050714,2329.672766
DANG_PANCREAS,Cluster III,2509.02088,2346.86367
DETROIT562_UPPER_AERODIGESTIVE_TRACT,Cluster III,3309.062008,2434.166728
ECGI10_OESOPHAGUS,Cluster III,2806.194785,2422.394177
EN_ENDOMETRIUM,Cluster III,2590.908138,1876.513211
EPLC272H_LUNG,Cluster III,2891.921591,2292.706322
FADU_UPPER_AERODIGESTIVE_TRACT,Cluster III,2726.660973,2168.881455
GB1_CENTRAL_NERVOUS_SYSTEM,Cluster III,2842.762154,2442.745757
HARA_LUNG,Cluster III,2589.486617,2188.531011
HCC1143_BREAST,Cluster III,3072.593933,2601.657058
HCC1569_BREAST,Cluster III,2610.676594,2246.922492
HCC38_BREAST,Cluster III,3112.267778,2461.934795
HCC44_LUNG,Cluster III,2719.650729,2386.737576
HCC70_BREAST,Cluster III,2542.099656,2214.924874
HCC95_LUNG,Cluster III,3266.659589,2605.872956
HGC27_STOMACH,Cluster III,2704.551641,1970.582827
HMEL_BREAST,Cluster III,2697.064268,2565.0816
HSC2_UPPER_AERODIGESTIVE_TRACT,Cluster III,2952.410218,2460.570571
HSC3_UPPER_AERODIGESTIVE_TRACT,Cluster III,2917.558983,2431.739793
HSC4_UPPER_AERODIGESTIVE_TRACT,Cluster III,3212.663232,2435.132197
HT1376_URINARY_TRACT,Cluster III,2626.035384,2284.539034
JHH2_LIVER,Cluster III,3004.366435,2596.575575
JHH4_LIVER,Cluster III,2677.037721,2629.545621
JHH6_LIVER,Cluster III,2652.911455,2507.009901
KALS1_CENTRAL_NERVOUS_SYSTEM,Cluster III,2726.556454,2554.841396
KLE_ENDOMETRIUM,Cluster III,3121.468754,2667.626483
KMBC2_URINARY_TRACT,Cluster III,2704.170132,2206.278096
KMRC1_KIDNEY,Cluster III,2406.453448,2398.264899
KMRC2_KIDNEY,Cluster III,2576.147808,2372.943138
KNS62_LUNG,Cluster III,3003.550813,2505.94126
KU1919_URINARY_TRACT,Cluster III,2364.610746,2599.410855
KYSE140_OESOPHAGUS,Cluster III,3031.718872,2579.979376
KYSE150_OESOPHAGUS,Cluster III,2993.847634,2314.247905
KYSE180_OESOPHAGUS,Cluster III,3062.180356,2323.432103
KYSE410_OESOPHAGUS,Cluster III,2852.850749,2223.314086
KYSE450_OESOPHAGUS,Cluster III,2860.540027,2222.401175
KYSE70_OESOPHAGUS,Cluster III,2991.909469,2312.542395
L33_PANCREAS,Cluster III,2600.301856,2269.22518
LC1F_LUNG,Cluster III,2690.990246,2246.749046
LOUNH91_LUNG,Cluster III,2679.067177,2390.699705
LOXIMVI_SKIN,Cluster III,2719.124346,2328.864532
LUDLU1_LUNG,Cluster III,2650.023657,2098.051374
M059K_CENTRAL_NERVOUS_SYSTEM,Cluster III,2726.643174,2552.620321
MDST8_LARGE_INTESTINE,Cluster III,2914.542109,2273.730403
NCCSTCK140_STOMACH,Cluster III,3061.982165,2336.684215
NCIH1373_LUNG,Cluster III,2702.371448,2380.955822
NCIH1623_LUNG,Cluster III,2795.753629,2308.621411
NCIH1666_LUNG,Cluster III,2680.886746,2358.2843
NCIH2009_LUNG,Cluster III,2381.583032,2305.217961
NCIH2073_LUNG,Cluster III,2734.65489,2342.529852
NCIH2122_LUNG,Cluster III,2527.678607,2068.928221
NCIH358_LUNG,Cluster III,2596.671146,2096.899009
NCIH441_LUNG,Cluster III,2346.356283,2222.008681
NUGC2_STOMACH,Cluster III,3024.492241,2543.458756
NUGC3_STOMACH,Cluster III,2458.688512,2316.808355
OE21_OESOPHAGUS,Cluster III,2938.644108,2177.943449
OSRC2_KIDNEY,Cluster III,2727.884309,2524.568839
PECAPJ15_UPPER_AERODIGESTIVE_TRACT,Cluster III,2743.014107,2446.87148
PECAPJ34CLONEC12_UPPER_AERODIGESTIVE_TRACT,Cluster III,3139.278742,2400.15748
PECAPJ41CLONED2_UPPER_AERODIGESTIVE_TRACT,Cluster III,3002.525555,2549.490299
PK1_PANCREAS,Cluster III,2952.902081,2254.488232
PRECLH_PROSTATE,Cluster III,2580.219861,2634.445252
RMGI_OVARY,Cluster III,2251.056248,2355.100655
RT112_URINARY_TRACT,Cluster III,2745.516478,2243.484971
SCABER_URINARY_TRACT,Cluster III,2903.729959,2436.689131
SCC15_UPPER_AERODIGESTIVE_TRACT,Cluster III,2746.960857,2627.609052
SCC25_UPPER_AERODIGESTIVE_TRACT,Cluster III,2958.634736,2643.372216
SCC9_UPPER_AERODIGESTIVE_TRACT,Cluster III,2742.638264,2285.534029
SF767_CERVIX,Cluster III,3138.112865,2157.690944
SKMEL3_SKIN,Cluster III,2071.898397,2216.592954
SKOV3_OVARY,Cluster III,3147.669769,2495.549541
SLR24_KIDNEY,Cluster III,2813.184218,2519.083245
SNU1041_UPPER_AERODIGESTIVE_TRACT,Cluster III,3363.775578,2514.58577
SNU1066_UPPER_AERODIGESTIVE_TRACT,Cluster III,3135.845763,2547.526794
SNU1076_UPPER_AERODIGESTIVE_TRACT,Cluster III,2890.749884,2375.830182
SNU1214_UPPER_AERODIGESTIVE_TRACT,Cluster III,3103.339848,2285.447696
SNU503_LARGE_INTESTINE,Cluster III,2952.327649,2404.324014
SNU761_LIVER,Cluster III,2479.580146,2484.733605
SNU899_UPPER_AERODIGESTIVE_TRACT,Cluster III,2840.205462,2509.406872
SW1710_URINARY_TRACT,Cluster III,2687.455194,2561.257682
SW780_URINARY_TRACT,Cluster III,2499.826257,2269.288441
T3M4_PANCREAS,Cluster III,2627.902995,2386.619172
TE10_OESOPHAGUS,Cluster III,3011.061781,2446.408494
TE11_OESOPHAGUS,Cluster III,3011.441914,2438.259853
TE14_OESOPHAGUS,Cluster III,2892.528061,2420.260097
TE15_OESOPHAGUS,Cluster III,3007.8848,2356.180585
TE4_OESOPHAGUS,Cluster III,2676.803645,2493.601282
TE5_OESOPHAGUS,Cluster III,2997.343835,2280.465579
TE6_OESOPHAGUS,Cluster III,2933.935227,2478.605579
TE9_OESOPHAGUS,Cluster III,3027.163357,2150.191928
TT_OESOPHAGUS,Cluster III,2783.514556,1998.379142
UBLC1_URINARY_TRACT,Cluster III,2672.101884,2601.076861
UMUC1_URINARY_TRACT,Cluster III,2928.083734,2484.096969
UOK101_KIDNEY,Cluster III,2623.290495,2412.434406
VMCUB1_URINARY_TRACT,Cluster III,2428.078889,2525.878468
YD10B_UPPER_AERODIGESTIVE_TRACT,Cluster III,3047.7149,2593.857151
YD38_UPPER_AERODIGESTIVE_TRACT,Cluster III,2715.799067,2641.301916
X42MGBA_CENTRAL_NERVOUS_SYSTEM,Cluster IV,2847.085145,2358.863642
X59M_OVARY,Cluster IV,2513.908968,2412.244491
X647V_URINARY_TRACT,Cluster IV,2702.826418,2460.683573
X8305C_THYROID,Cluster IV,2644.848772,2729.401281
X8505C_THYROID,Cluster IV,2625.36845,2591.247709
X8MGBA_CENTRAL_NERVOUS_SYSTEM,Cluster IV,1882.994453,2551.364223
A101D_SKIN,Cluster IV,2258.554075,2446.405948
A172_CENTRAL_NERVOUS_SYSTEM,Cluster IV,2661.465287,2790.067234
A2058_SKIN,Cluster IV,2288.97986,2534.612781
A498_KIDNEY,Cluster IV,2539.557699,2519.019073
A549_LUNG,Cluster IV,2740.391616,2320.981538
ACCMESO1_PLEURA,Cluster IV,2491.652981,2002.892885
BCPAP_THYROID,Cluster IV,2117.668353,2499.77222
BFTC909_KIDNEY,Cluster IV,2627.370409,2373.842846
BHT101_THYROID,Cluster IV,2039.592604,2493.22649
BICR18_UPPER_AERODIGESTIVE_TRACT,Cluster IV,3010.268776,2731.874976
BICR31_UPPER_AERODIGESTIVE_TRACT,Cluster IV,3005.167186,2555.770178
BT549_BREAST,Cluster IV,2641.023736,2433.399007
C32_SKIN,Cluster IV,2408.530291,2491.42492
CAKI1_KIDNEY,Cluster IV,2624.658612,2525.199884
CAL120_BREAST,Cluster IV,2696.161307,2549.095202
CALU1_LUNG,Cluster IV,2811.696688,2623.32456
CAOV3_OVARY,Cluster IV,2664.32679,2585.327399
CAS1_CENTRAL_NERVOUS_SYSTEM,Cluster IV,2798.789353,2595.974095
CFPAC1_PANCREAS,Cluster IV,2800.132146,2579.988513
COLO679_SKIN,Cluster IV,2370.007378,2185.849619
COLO800_SKIN,Cluster IV,2194.783802,2535.138648
COLO829_SKIN,Cluster IV,2194.463488,2382.353483
COV362_OVARY,Cluster IV,2837.215854,2596.858257
DBTRG05MG_CENTRAL_NERVOUS_SYSTEM,Cluster IV,2575.404699,2692.461895
DKMG_CENTRAL_NERVOUS_SYSTEM,Cluster IV,2713.24169,2830.663211
DU145_PROSTATE,Cluster IV,2791.949743,2494.625697
EFO27_OVARY,Cluster IV,3001.337079,2583.849574
EKVX_LUNG,Cluster IV,3255.409678,2386.003878
ES2_OVARY,Cluster IV,2206.65414,2470.347792
ESS1_ENDOMETRIUM,Cluster IV,2672.293694,2673.545728
FTC133_THYROID,Cluster IV,2170.385332,2384.365287
FTC238_THYROID,Cluster IV,2448.175383,2251.608292
GAMG_CENTRAL_NERVOUS_SYSTEM,Cluster IV,2549.231229,2598.159141
GCIY_STOMACH,Cluster IV,3043.110062,2681.894239
GI1_CENTRAL_NERVOUS_SYSTEM,Cluster IV,2615.627499,2376.364517
GMS10_CENTRAL_NERVOUS_SYSTEM,Cluster IV,2697.417197,2654.348898
H4_CENTRAL_NERVOUS_SYSTEM,Cluster IV,2751.590102,2589.537359
HCC1395_BREAST,Cluster IV,2791.867679,2319.472722
HCC15_LUNG,Cluster IV,2804.402395,2298.614814
HCC2108_LUNG,Cluster IV,2383.76876,2566.431097
HCC2279_LUNG,Cluster IV,2717.524772,2392.947338
HCC366_LUNG,Cluster IV,2774.145837,2405.631002
HDQP1_BREAST,Cluster IV,2618.527717,2422.426755
HEC108_ENDOMETRIUM,Cluster IV,2669.033818,2398.016458
HEYA8_OVARY,Cluster IV,2434.020794,2353.097463
HLFA_FIBROBLAST,Cluster IV,2821.955572,2737.98822
HLF_LIVER,Cluster IV,2734.90342,2386.730047
HMCB_SKIN,Cluster IV,2529.728903,2460.927196
HOP62_LUNG,Cluster IV,2590.04924,2514.607924
HS229T_FIBROBLAST,Cluster IV,2690.191775,2566.880514
HS294T_SKIN,Cluster IV,2303.909762,2599.121981
HS578T_BREAST,Cluster IV,2932.678857,2582.51091
HS618T_FIBROBLAST,Cluster IV,2771.245259,2632.493279
HS675T_FIBROBLAST,Cluster IV,2905.858471,2780.325099
HS683_CENTRAL_NERVOUS_SYSTEM,Cluster IV,2592.855613,2646.718194
HS688AT_FIBROBLAST,Cluster IV,2849.33658,2809.831915
HS695T_SKIN,Cluster IV,2531.189332,2696.711382
HS698T_FIBROBLAST,Cluster IV,2875.466492,2888.178681
HS746T_STOMACH,Cluster IV,2745.799097,2391.978447
HS766T_PANCREAS,Cluster IV,2426.846832,2370.970749
HS839T_FIBROBLAST,Cluster IV,2861.35648,2774.253105
HS852T_SKIN,Cluster IV,2519.82172,2509.962757
HS895T_FIBROBLAST,Cluster IV,2656.56906,2623.414038
HS934T_FIBROBLAST,Cluster IV,2777.598969,2755.495075
HS939T_SKIN,Cluster IV,2409.451061,2639.21628
HS940T_FIBROBLAST,Cluster IV,2820.926332,2861.825602
HS944T_SKIN,Cluster IV,2429.134718,2623.327205
HT144_SKIN,Cluster IV,2519.775034,2580.77588
IGR1_SKIN,Cluster IV,2050.997818,2324.585328
IGR39_SKIN,Cluster IV,2601.602347,2477.338913
ISTMES2_PLEURA,Cluster IV,2829.81363,2334.569976
JHESOAD1_OESOPHAGUS,Cluster IV,3008.220576,2418.194267
JHOC5_OVARY,Cluster IV,2864.678177,2469.323376
JHOM1_OVARY,Cluster IV,2737.833569,2484.334943
JHUEM3_ENDOMETRIUM,Cluster IV,2850.384372,2799.207544
JL1_PLEURA,Cluster IV,2903.764509,2642.778807
JMSU1_URINARY_TRACT,Cluster IV,2786.468901,2457.208615
KG1C_CENTRAL_NERVOUS_SYSTEM,Cluster IV,2661.783091,2713.213541
KMRC3_KIDNEY,Cluster IV,3009.388957,2715.340585
KNS60_CENTRAL_NERVOUS_SYSTEM,Cluster IV,2797.633422,2550.770709
KNS81_CENTRAL_NERVOUS_SYSTEM,Cluster IV,3095.730765,2875.463119
KP4_PANCREAS,Cluster IV,2728.504178,2302.928916
KS1_CENTRAL_NERVOUS_SYSTEM,Cluster IV,2821.851183,2768.010478
KYSE30_OESOPHAGUS,Cluster IV,2927.353374,2351.898538
KYSE520_OESOPHAGUS,Cluster IV,2853.139477,2591.750705
LMSU_STOMACH,Cluster IV,2719.866208,2497.256962
LN18_CENTRAL_NERVOUS_SYSTEM,Cluster IV,2453.679826,2642.596526
LN229_CENTRAL_NERVOUS_SYSTEM,Cluster IV,2651.355715,2596.619349
LXF289_LUNG,Cluster IV,3103.841181,2488.41279
MALME3M_SKIN,Cluster IV,2205.557503,2592.664839
MCAS_OVARY,Cluster IV,2859.920707,2442.898321
MDAMB157_BREAST,Cluster IV,2913.397514,2501.946653
MDAMB231_BREAST,Cluster IV,2807.555327,2508.945958
MDAMB435S_SKIN,Cluster IV,2114.257961,2208.097561
MDAMB436_BREAST,Cluster IV,2477.791237,2408.166115
MKN7_STOMACH,Cluster IV,2789.76359,2455.062383
ML1_THYROID,Cluster IV,2817.837743,2543.342464
MPP89_PLEURA,Cluster IV,2840.15829,2570.952044
MSTO211H_PLEURA,Cluster IV,2423.730677,2618.578806
NCIH1355_LUNG,Cluster IV,3083.125392,2285.605552
NCIH1563_LUNG,Cluster IV,2938.473783,2448.486701
NCIH1568_LUNG,Cluster IV,2758.17425,2475.579674
NCIH1650_LUNG,Cluster IV,2792.051732,2240.348796
NCIH1734_LUNG,Cluster IV,2528.590437,2604.30979
NCIH1755_LUNG,Cluster IV,2628.166434,2389.37468
NCIH1792_LUNG,Cluster IV,2629.857636,2452.922433
NCIH1793_LUNG,Cluster IV,2777.100957,2102.366825
NCIH2023_LUNG,Cluster IV,2700.870718,2248.805615
NCIH2030_LUNG,Cluster IV,2898.376341,2388.559696
NCIH2052_PLEURA,Cluster IV,2915.121412,2632.276663
NCIH2228_LUNG,Cluster IV,2514.834399,2388.760547
NCIH226_LUNG,Cluster IV,3022.2714,2468.535858
NCIH2347_LUNG,Cluster IV,2780.913236,2225.787462
NCIH2405_LUNG,Cluster IV,2619.320421,2594.153395
NCIH2452_PLEURA,Cluster IV,2444.251243,2340.72357
NCIH596_LUNG,Cluster IV,2936.242094,2620.932915
NCIH647_LUNG,Cluster IV,2519.444178,2364.85904
NCIH650_LUNG,Cluster IV,2507.53646,2505.477513
NCIH838_LUNG,Cluster IV,2372.699343,2057.225568
OELE_OVARY,Cluster IV,2555.741871,2721.564034
OV56_OVARY,Cluster IV,2871.263691,2484.625522
OV7_OVARY,Cluster IV,2660.887492,2625.737179
OVCAR8_OVARY,Cluster IV,2741.39428,2481.07895
PANC0213_PANCREAS,Cluster IV,2690.058424,2535.334077
PC14_LUNG,Cluster IV,2689.032274,2349.660107
PC3_PROSTATE,Cluster IV,2820.816266,2365.521532
PECAPJ49_UPPER_AERODIGESTIVE_TRACT,Cluster IV,2840.063758,2578.199605
PK45H_PANCREAS,Cluster IV,2703.821736,2402.651072
PK59_PANCREAS,Cluster IV,2843.19937,2472.585171
PSN1_PANCREAS,Cluster IV,2504.592946,2376.112151
RCC10RGB_KIDNEY,Cluster IV,2849.219469,2446.712131
RERFLCAI_LUNG,Cluster IV,2456.344856,2269.939117
RERFLCMS_LUNG,Cluster IV,2655.165097,2681.554927
RERFLCSQ1_LUNG,Cluster IV,2931.969858,2394.632939
RPMI7951_SKIN,Cluster IV,2391.757411,2497.439977
RVH421_SKIN,Cluster IV,2293.127131,2522.488882
SCC4_UPPER_AERODIGESTIVE_TRACT,Cluster IV,2866.23561,2541.636736
SF126_CENTRAL_NERVOUS_SYSTEM,Cluster IV,3031.080281,2629.334924
SF268_CENTRAL_NERVOUS_SYSTEM,Cluster IV,2854.481722,2501.581608
SF295_CENTRAL_NERVOUS_SYSTEM,Cluster IV,2525.26252,2498.678581
SF539_CENTRAL_NERVOUS_SYSTEM,Cluster IV,2424.131683,2407.987264
SH4_SKIN,Cluster IV,2295.465094,2289.711202
SKHEP1_LIVER,Cluster IV,2715.777305,2508.260939
SKMEL24_SKIN,Cluster IV,2441.783899,2741.113206
SKMEL28_SKIN,Cluster IV,2389.861827,2299.137393
SKMEL30_SKIN,Cluster IV,2312.642093,2209.378421
SKMEL31_SKIN,Cluster IV,2248.025508,2656.605707
SKMEL5_SKIN,Cluster IV,2353.583757,2399.460865
SKMES1_LUNG,Cluster IV,2421.955971,2578.768526
SKRC20_KIDNEY,Cluster IV,2339.003524,2475.270455
SLR21_KIDNEY,Cluster IV,2661.98691,2659.713561
SLR26_KIDNEY,Cluster IV,2719.699815,2495.015665
SNB75_CENTRAL_NERVOUS_SYSTEM,Cluster IV,2805.268892,2738.463877
SNU1077_ENDOMETRIUM,Cluster IV,2851.565038,2703.010116
SNU1105_CENTRAL_NERVOUS_SYSTEM,Cluster IV,2772.995484,2716.887016
SNU1272_KIDNEY,Cluster IV,2739.755849,2509.215424
SNU182_LIVER,Cluster IV,3453.804754,2703.621246
SNU201_CENTRAL_NERVOUS_SYSTEM,Cluster IV,2579.812535,2682.505641
SNU213_PANCREAS,Cluster IV,2702.566124,2528.714748
SNU349_KIDNEY,Cluster IV,3125.178431,2627.269437
SNU387_LIVER,Cluster IV,2487.988692,2599.821664
SNU410_PANCREAS,Cluster IV,2504.377036,2478.391095
SNU466_CENTRAL_NERVOUS_SYSTEM,Cluster IV,2772.168698,2706.748629
SNU46_UPPER_AERODIGESTIVE_TRACT,Cluster IV,2672.954184,2650.364572
SNU475_LIVER,Cluster IV,2540.100694,2484.304322
SNU489_CENTRAL_NERVOUS_SYSTEM,Cluster IV,2368.677139,2471.064797
SNU668_STOMACH,Cluster IV,2582.647939,2411.922279
SNU685_ENDOMETRIUM,Cluster IV,2801.059812,2470.927046
SNU840_OVARY,Cluster IV,2794.644214,2478.06981
SNU878_LIVER,Cluster IV,2349.91219,2399.012212
SNU886_LIVER,Cluster IV,2434.230978,2495.131991
SNU8_OVARY,Cluster IV,2889.881387,2381.126052
SU8686_PANCREAS,Cluster IV,2511.554905,2615.134712
SW1088_CENTRAL_NERVOUS_SYSTEM,Cluster IV,2680.311923,2628.784073
SW1783_CENTRAL_NERVOUS_SYSTEM,Cluster IV,2677.305743,2655.050239
SW579_THYROID,Cluster IV,2772.584267,2457.77428
T24_URINARY_TRACT,Cluster IV,2613.103723,2474.667792
T98G_CENTRAL_NERVOUS_SYSTEM,Cluster IV,2571.546378,2538.518754
TCCSUP_URINARY_TRACT,Cluster IV,2620.538282,2631.459546
TE1_OESOPHAGUS,Cluster IV,3031.615192,2625.803344
TE8_OESOPHAGUS,Cluster IV,3101.495537,2833.627096
TOV21G_OVARY,Cluster IV,3065.933863,2755.971353
TUHR10TKB_KIDNEY,Cluster IV,2702.603864,2459.837312
TUHR14TKB_KIDNEY,Cluster IV,2801.60345,2443.247342
TUHR4TKB_KIDNEY,Cluster IV,2617.013272,2521.524127
U118MG_CENTRAL_NERVOUS_SYSTEM,Cluster IV,2611.405517,2601.469043
U251MG_CENTRAL_NERVOUS_SYSTEM,Cluster IV,2593.039,2621.853715
U87MG_CENTRAL_NERVOUS_SYSTEM,Cluster IV,2413.477607,2503.837367
UACC62_SKIN,Cluster IV,2463.288916,2584.497031
WM115_SKIN,Cluster IV,2592.480992,2772.272582
WM1799_SKIN,Cluster IV,2255.404389,2656.814517
WM2664_SKIN,Cluster IV,2290.398258,2581.739543
WM793_SKIN,Cluster IV,2831.061267,2756.748762
WM88_SKIN,Cluster IV,2173.674267,2522.057826
WM983B_SKIN,Cluster IV,2397.73761,2436.763039
YD8_UPPER_AERODIGESTIVE_TRACT,Cluster IV,3070.628487,2773.835756
YH13_CENTRAL_NERVOUS_SYSTEM,Cluster IV,3059.1703,2821.852145
YKG1_CENTRAL_NERVOUS_SYSTEM,Cluster IV,2567.187808,2603.021468